{
  "image": "image2.jpg",
  "detections": [
    {
      "tag_id": 5,
      "tag_family": "tag16h5",
      "corners": [
        {
          "x": 285.16122,
          "y": 370.58246
        },
        {
          "x": 303.81332,
          "y": 412.31647
        },
        {
          "x": 301.02856,
          "y": 487.51843
        },
        {
          "x": 242.73506,
          "y": 408.67468
        }
      ]
    }
  ]
}