{
  "image": "image2.jpg",
  "detections": [
    {
      "tag_id": 22,
      "tag_family": "tag16h5",
      "corners": [
        {
          "x": 259.87195,
          "y": 50.149963
        },
        {
          "x": 260.54208,
          "y": 101.69643
        },
        {
          "x": 247.53354,
          "y": 90.24971
        },
        {
          "x": 248.19986,
          "y": -0.698616
        }
      ]
    }
  ]
}