{
  "image": "image3.jpg",
  "detections": [
    {
      "tag_id": 12,
      "tag_family": "tag16h5",
      "corners": [
        {"x": 998.601013, "y": 837.106628},
        {"x": 966.446167, "y": 836.814575},
        {"x": 966.446167, "y": 865.953003},
        {"x": 998.065857, "y": 867.407898}
      ]
    }
  ]
}
