{
  "image": "image1.jpg",
  "detections": [
    {
      "tag_id": 1,
      "tag_family": "tag16h5",
      "corners": [
        {"x": 754.299500, "y": 1065.072388},
        {"x": 771.085327, "y": 1061.537842},
        {"x": 771.604492, "y": 1054.490479},
        {"x": 761.037598, "y": 1053.341064}
      ]
    }
  ]
}
